scope,asn,hege,nb_peers
1998,203296,0.3333333333333333,3
1998,1759,0.3333333333333333,3
1998,1299,0.6666666666666666,3
1998,57,1.0,3
1998,4764,0.3333333333333333,3
1998,2914,0.6666666666666666,3
1998,25412,0.3333333333333333,3
1998,39551,0.3333333333333333,3
1998,3257,0.3333333333333333,3
1339,12322,0.3333333333333333,3
1339,174,0.3333333333333333,3
1339,701,1.0,3
1339,4385,0.3333333333333333,3
1339,3257,0.3333333333333333,3
1339,20712,0.3333333333333333,3
1339,2914,0.3333333333333333,3
19,20473,0.3333333333333333,3
19,1299,0.3333333333333333,3
19,3356,1.0,3
19,553,0.3333333333333333,3
19,47583,0.3333333333333333,3
19,15085,0.3333333333333333,3
344,3209,0.3333333333333333,3
344,1273,0.3333333333333333,3
344,3356,1.0,3
344,6223,1.0,3
344,201776,0.3333333333333333,3
344,12389,0.6666666666666666,3
344,21282,0.3333333333333333,3
344,9198,0.3333333333333333,3
344,50482,0.3333333333333333,3
1843,44512,0.3333333333333333,3
1843,6663,0.3333333333333333,3
1843,2914,0.3333333333333333,3
1843,270,1.0,3
1843,197889,0.3333333333333333,3
1843,12301,0.3333333333333333,3
1843,3356,0.6666666666666666,3
1843,6223,0.6666666666666666,3
1843,209,0.6666666666666666,3
1843,1136,0.3333333333333333,3
1843,6830,0.3333333333333333,3
1348,701,0.3333333333333333,3
1348,7018,1.0,3
1348,20473,0.6666666666666666,3
1348,3491,0.3333333333333333,3
1348,49100,0.3333333333333333,3
1348,29049,0.3333333333333333,3
1348,3356,0.3333333333333333,3
122,12322,0.3333333333333333,3
122,174,0.3333333333333333,3
122,3356,1.0,3
122,15894,0.3333333333333333,3
122,3320,0.3333333333333333,3
122,15435,0.3333333333333333,3
122,3257,0.3333333333333333,3
1252,198561,0.3333333333333333,3
1252,56166,0.3333333333333333,3
1252,55824,0.3333333333333333,3
1252,2495,0.3333333333333333,3
1252,786,0.3333333333333333,3
1252,20965,0.3333333333333333,3
1252,7896,0.3333333333333333,3
1942,201126,0.3333333333333333,3
1942,6461,0.3333333333333333,3
1942,2200,1.0,3
1942,35807,0.3333333333333333,3
1942,9002,0.3333333333333333,3
1942,-50,0.3333333333333333,3
1942,21320,0.3333333333333333,3
1942,20965,0.3333333333333333,3
1942,12576,0.3333333333333333,3
321,10834,0.3333333333333333,3
321,12956,0.3333333333333333,3
321,3356,0.6666666666666666,3
321,3561,0.3333333333333333,3
321,45090,0.3333333333333333,3
321,4812,0.3333333333333333,3
321,4134,0.3333333333333333,3
321,701,0.3333333333333333,3
321,1213,0.3333333333333333,3
